slug,normalized_title,dance_title,song_title,artist,choreographer,youtube_rank,youtube_video_id,youtube_title,youtube_channel,youtube_thumbnail,youtube_url,youtube_query
your-love-amazes-me,your-love-amazes-me,Your Love Amazes Me,Your Love Amazes Me,,Maggie Gallagher,1,OEzWa01uRxQ,Your Love Amazes Me line dance demo,Dancezing,https://i.ytimg.com/vi/OEzWa01uRxQ/hqdefault.jpg,https://www.youtube.com/watch?v=OEzWa01uRxQ,Your Love Amazes Me Your Love Amazes Me Maggie Gallagher line dance demo tutorial
your-love-amazes-me,your-love-amazes-me,Your Love Amazes Me,Your Love Amazes Me,,Maggie Gallagher,2,84vJthNyqqw,Your Love Amazes Me line dance tutorial,Dancezing,https://i.ytimg.com/vi/84vJthNyqqw/hqdefault.jpg,https://www.youtube.com/watch?v=84vJthNyqqw,Your Love Amazes Me Your Love Amazes Me Maggie Gallagher line dance demo tutorial
your-love-amazes-me,your-love-amazes-me,Your Love Amazes Me,Your Love Amazes Me,,Maggie Gallagher,3,Q8Bw3wQaTwU,[Tutorial] Your Love Amazes Me Line Dance Tutorial 유어 러브 어메이즈스 미 라인댄스 설명영상 l Linedancequeen ,Linedancequeen,https://i.ytimg.com/vi/Q8Bw3wQaTwU/hqdefault.jpg,https://www.youtube.com/watch?v=Q8Bw3wQaTwU,Your Love Amazes Me Your Love Amazes Me Maggie Gallagher line dance demo tutorial
your-love-amazes-me,your-love-amazes-me,Your Love Amazes Me,Your Love Amazes Me,,Maggie Gallagher,4,E3aDgctRp24,Your Love Amazes Me - LINE DANCE (DEMO),영케이라인댄스-YoungK Linedance,https://i.ytimg.com/vi/E3aDgctRp24/hqdefault.jpg,https://www.youtube.com/watch?v=E3aDgctRp24,Your Love Amazes Me Your Love Amazes Me Maggie Gallagher line dance demo tutorial
your-love-amazes-me,your-love-amazes-me,Your Love Amazes Me,Your Love Amazes Me,,Maggie Gallagher,5,NmoeZThguJ0,#Your Love Amazes Me #Linedance #Tutorial #설명영상 #초중급라인댄스 #유어 러브 어메이지즈 미 라인댄스 ,정은주 라인댄스 Eunju Jung Linedance,https://i.ytimg.com/vi/NmoeZThguJ0/hqdefault.jpg,https://www.youtube.com/watch?v=NmoeZThguJ0,Your Love Amazes Me Your Love Amazes Me Maggie Gallagher line dance demo tutorial
you-re-a-superstar,you-re-a-superstar,You're a Superstar,Superstar (feat. Boy George),,Gary O'Reilly,1,0QO9B6oKs0M,You&#39;re a Superstar - Line Dance (Dance &amp; Teach in English &amp; 中文),LineDanceDallas5,https://i.ytimg.com/vi/0QO9B6oKs0M/hqdefault.jpg,https://www.youtube.com/watch?v=0QO9B6oKs0M,You're a Superstar Superstar (feat. Boy George) Gary O'Reilly line dance demo tutorial
you-re-a-superstar,you-re-a-superstar,You're a Superstar,Superstar (feat. Boy George),,Gary O'Reilly,2,axAg3R-Gyjc,You&#39;re A Superstar [May 2026] by Gary O’Reilly &amp; Maggie Gallagher (Demo) #linedance #tutorial,Gary O’Reilly,https://i.ytimg.com/vi/axAg3R-Gyjc/hqdefault.jpg,https://www.youtube.com/watch?v=axAg3R-Gyjc,You're a Superstar Superstar (feat. Boy George) Gary O'Reilly line dance demo tutorial
you-re-a-superstar,you-re-a-superstar,You're a Superstar,Superstar (feat. Boy George),,Gary O'Reilly,3,DqDThvljV28,You&#39;re A Superstar line dance demo,Dancezing,https://i.ytimg.com/vi/DqDThvljV28/hqdefault.jpg,https://www.youtube.com/watch?v=DqDThvljV28,You're a Superstar Superstar (feat. Boy George) Gary O'Reilly line dance demo tutorial
you-re-a-superstar,you-re-a-superstar,You're a Superstar,Superstar (feat. Boy George),,Gary O'Reilly,4,Jea2lJK6uTY,[Tutorial] You&#39;re a Superstar Line Dance Tutorial l 유아 어 슈퍼스타 라인댄스 설명영상 l Beginner l Linedancequeen ,Linedancequeen,https://i.ytimg.com/vi/Jea2lJK6uTY/hqdefault.jpg,https://www.youtube.com/watch?v=Jea2lJK6uTY,You're a Superstar Superstar (feat. Boy George) Gary O'Reilly line dance demo tutorial
you-re-a-superstar,you-re-a-superstar,You're a Superstar,Superstar (feat. Boy George),,Gary O'Reilly,5,gXEHNmLFRrs,Tutorial | You&#39;re a Superstar linedance | (유어 러 슈퍼스타) 쉽게배우기 |Chany LineDance,Chany LineDance 차니라인댄스,https://i.ytimg.com/vi/gXEHNmLFRrs/hqdefault.jpg,https://www.youtube.com/watch?v=gXEHNmLFRrs,You're a Superstar Superstar (feat. Boy George) Gary O'Reilly line dance demo tutorial
alice-tribal-version,alice-tribal-version,Alice (Tribal Version),Alice (Tribal Version),,Raymond Sarlemijn,1,5psgHWb2swQ,Alice (Tribal Version) - Line Dance | Demo | Improver | Raymond | Roy | Jonas ,[Line Bank] Hyunjung Kang LineDance,https://i.ytimg.com/vi/5psgHWb2swQ/hqdefault.jpg,https://www.youtube.com/watch?v=5psgHWb2swQ,Alice (Tribal Version) Alice (Tribal Version) Raymond Sarlemijn line dance demo tutorial
alice-tribal-version,alice-tribal-version,Alice (Tribal Version),Alice (Tribal Version),,Raymond Sarlemijn,2,gcLKp9Iv0u4,Alice (Tribal Version) Line Dance (Dance &amp; Teach / Démo &amp; Explications / French &amp; English),Stéphane Beauchamp,https://i.ytimg.com/vi/gcLKp9Iv0u4/hqdefault.jpg,https://www.youtube.com/watch?v=gcLKp9Iv0u4,Alice (Tribal Version) Alice (Tribal Version) Raymond Sarlemijn line dance demo tutorial
alice-tribal-version,alice-tribal-version,Alice (Tribal Version),Alice (Tribal Version),,Raymond Sarlemijn,3,qYl9A2aMAHo,Alice (Tribal Version)/Tutorial/스텝설명/김라윤 라라라인댄스 민라인댄스코리아 ,김라윤 LALA linedance Rayun Kim ,https://i.ytimg.com/vi/qYl9A2aMAHo/hqdefault.jpg,https://www.youtube.com/watch?v=qYl9A2aMAHo,Alice (Tribal Version) Alice (Tribal Version) Raymond Sarlemijn line dance demo tutorial
alice-tribal-version,alice-tribal-version,Alice (Tribal Version),Alice (Tribal Version),,Raymond Sarlemijn,4,xsdCAZzE9K0,#Alice (Tribal Version) #Linedance #Tutorial #설명영상 #초중급라인댄스 #앨리스 라인댄스 ,정은주 라인댄스 Eunju Jung Linedance,https://i.ytimg.com/vi/xsdCAZzE9K0/hqdefault.jpg,https://www.youtube.com/watch?v=xsdCAZzE9K0,Alice (Tribal Version) Alice (Tribal Version) Raymond Sarlemijn line dance demo tutorial
alice-tribal-version,alice-tribal-version,Alice (Tribal Version),Alice (Tribal Version),,Raymond Sarlemijn,5,g7s-CoXyPbk,Alice(Tribal Version) Linedance/앨리스/Improver/초중급/#DellLinedance #라인댄스퀸 #성남라인댄스 #분당라인댄스 #정연주,Dell Linedance(oderia),https://i.ytimg.com/vi/g7s-CoXyPbk/hqdefault.jpg,https://www.youtube.com/watch?v=g7s-CoXyPbk,Alice (Tribal Version) Alice (Tribal Version) Raymond Sarlemijn line dance demo tutorial
another-bar-song,another-bar-song,Another Bar Song,Cowgirl,,Sierra Gil,1,cPJY294mcvg,Another Bar Song - Line Dance Walkthrough,DVious Entertainment,https://i.ytimg.com/vi/cPJY294mcvg/hqdefault.jpg,https://www.youtube.com/watch?v=cPJY294mcvg,Another Bar Song Cowgirl Sierra Gil line dance demo tutorial
another-bar-song,another-bar-song,Another Bar Song,Cowgirl,,Sierra Gil,2,4aiFdhjZdXE,Another Bar Song - LINE DANCE (DEMO),영케이라인댄스-YoungK Linedance,https://i.ytimg.com/vi/4aiFdhjZdXE/hqdefault.jpg,https://www.youtube.com/watch?v=4aiFdhjZdXE,Another Bar Song Cowgirl Sierra Gil line dance demo tutorial
another-bar-song,another-bar-song,Another Bar Song,Cowgirl,,Sierra Gil,3,XhW9TnfiOoQ,Tamia Line Dance Tutorial - &quot;Can&#39;t Get Enough&quot;,Bizzy Boom,https://i.ytimg.com/vi/XhW9TnfiOoQ/hqdefault.jpg,https://www.youtube.com/watch?v=XhW9TnfiOoQ,Another Bar Song Cowgirl Sierra Gil line dance demo tutorial
another-bar-song,another-bar-song,Another Bar Song,Cowgirl,,Sierra Gil,4,dZ9ytAcP8bY,Choosin&#39; Texas - Line Dance (Dance &amp; Teach in English &amp; 中文),LineDanceDallas5,https://i.ytimg.com/vi/dZ9ytAcP8bY/hqdefault.jpg,https://www.youtube.com/watch?v=dZ9ytAcP8bY,Another Bar Song Cowgirl Sierra Gil line dance demo tutorial
another-bar-song,another-bar-song,Another Bar Song,Cowgirl,,Sierra Gil,5,OAa_bmHUzB4,2 steps - Urban Cowboy,Rene Escalante,https://i.ytimg.com/vi/OAa_bmHUzB4/hqdefault.jpg,https://www.youtube.com/watch?v=OAa_bmHUzB4,Another Bar Song Cowgirl Sierra Gil line dance demo tutorial
opalite,opalite,Opalite,Opalite,,Simon Ward,1,Yzly9hEOUws,Opalite - Line Dance (Dance &amp; Teach in English &amp; 中文),LineDanceDallas5,https://i.ytimg.com/vi/Yzly9hEOUws/hqdefault.jpg,https://www.youtube.com/watch?v=Yzly9hEOUws,Opalite Opalite Simon Ward line dance demo tutorial
opalite,opalite,Opalite,Opalite,,Simon Ward,2,6K7UD6uZEpM,OPALITE - IMPROVER FUN LINEDANCE ( Simon Ward ),Grace David,https://i.ytimg.com/vi/6K7UD6uZEpM/hqdefault.jpg,https://www.youtube.com/watch?v=6K7UD6uZEpM,Opalite Opalite Simon Ward line dance demo tutorial
opalite,opalite,Opalite,Opalite,,Simon Ward,3,sprlWWQd6T8,Opalite line dance demo,Dancezing,https://i.ytimg.com/vi/sprlWWQd6T8/hqdefault.jpg,https://www.youtube.com/watch?v=sprlWWQd6T8,Opalite Opalite Simon Ward line dance demo tutorial
opalite,opalite,Opalite,Opalite,,Simon Ward,4,1Mn_6FC5xaE,Opalite - Simon Ward - Line Dance - teach and learn with Anke,Aktiv mit Anke,https://i.ytimg.com/vi/1Mn_6FC5xaE/hqdefault.jpg,https://www.youtube.com/watch?v=1Mn_6FC5xaE,Opalite Opalite Simon Ward line dance demo tutorial
opalite,opalite,Opalite,Opalite,,Simon Ward,5,4muZwwBpPG8,Opalite line dance tutorial,Dancezing,https://i.ytimg.com/vi/4muZwwBpPG8/hqdefault.jpg,https://www.youtube.com/watch?v=4muZwwBpPG8,Opalite Opalite Simon Ward line dance demo tutorial
baby-blues-cha,baby-blues-cha,Baby Blues Cha,baby blues,,Simon Ward,1,GXx84hwfaHk,Baby Blues Cha by @simonwardlinedance &amp; @smckdance,Simon Ward Linedance,https://i.ytimg.com/vi/GXx84hwfaHk/hqdefault.jpg,https://www.youtube.com/watch?v=GXx84hwfaHk,Baby Blues Cha baby blues Simon Ward line dance demo tutorial
baby-blues-cha,baby-blues-cha,Baby Blues Cha,baby blues,,Simon Ward,2,o3dfT7ZVnL0,Baby Blues Cha line dance demo,Dancezing,https://i.ytimg.com/vi/o3dfT7ZVnL0/hqdefault.jpg,https://www.youtube.com/watch?v=o3dfT7ZVnL0,Baby Blues Cha baby blues Simon Ward line dance demo tutorial
baby-blues-cha,baby-blues-cha,Baby Blues Cha,baby blues,,Simon Ward,3,lzYFB8ZW0F8,Baby Blues  Cha line dance,Betty Lee,https://i.ytimg.com/vi/lzYFB8ZW0F8/hqdefault.jpg,https://www.youtube.com/watch?v=lzYFB8ZW0F8,Baby Blues Cha baby blues Simon Ward line dance demo tutorial
baby-blues-cha,baby-blues-cha,Baby Blues Cha,baby blues,,Simon Ward,4,CEQlYXCQN4w,Baby Blues Cha line dance tutorial,Dancezing,https://i.ytimg.com/vi/CEQlYXCQN4w/hqdefault.jpg,https://www.youtube.com/watch?v=CEQlYXCQN4w,Baby Blues Cha baby blues Simon Ward line dance demo tutorial
baby-blues-cha,baby-blues-cha,Baby Blues Cha,baby blues,,Simon Ward,5,j7tpoQXJyp0,BABY BLUES CHA - LINE DANCE DEMO &amp; TEACH (Simon Ward &amp; Shane McKeever Choreo),Line Dance with Tia (Fueter),https://i.ytimg.com/vi/j7tpoQXJyp0/hqdefault.jpg,https://www.youtube.com/watch?v=j7tpoQXJyp0,Baby Blues Cha baby blues Simon Ward line dance demo tutorial
rhumbumbumba,rhumbumbumba,Rhumbumbumba,Rhumbumbumba,,Rob Fowler,1,kjHhUuKSDRY,Rhumbumbumba - Line Dance (Dance &amp; Teach in English &amp; 中文),LineDanceDallas5,https://i.ytimg.com/vi/kjHhUuKSDRY/hqdefault.jpg,https://www.youtube.com/watch?v=kjHhUuKSDRY,Rhumbumbumba Rhumbumbumba Rob Fowler line dance demo tutorial
rhumbumbumba,rhumbumbumba,Rhumbumbumba,Rhumbumbumba,,Rob Fowler,2,wnJIW0i3FCc,Rhumbumbumba Line Dance (High Beginner: Rob Fowler) - Demo,May Cho Linedance,https://i.ytimg.com/vi/wnJIW0i3FCc/hqdefault.jpg,https://www.youtube.com/watch?v=wnJIW0i3FCc,Rhumbumbumba Rhumbumbumba Rob Fowler line dance demo tutorial
rhumbumbumba,rhumbumbumba,Rhumbumbumba,Rhumbumbumba,,Rob Fowler,3,xLYDNvtTWsc,Rhumbumbumba - Line Dance | Demo | High Beginner | Rob Fowler ,[Line Bank] Hyunjung Kang LineDance,https://i.ytimg.com/vi/xLYDNvtTWsc/hqdefault.jpg,https://www.youtube.com/watch?v=xLYDNvtTWsc,Rhumbumbumba Rhumbumbumba Rob Fowler line dance demo tutorial
rhumbumbumba,rhumbumbumba,Rhumbumbumba,Rhumbumbumba,,Rob Fowler,4,cCwidqUzWbQ,Rhumbumbumba line dance tutorial,Dancezing,https://i.ytimg.com/vi/cCwidqUzWbQ/hqdefault.jpg,https://www.youtube.com/watch?v=cCwidqUzWbQ,Rhumbumbumba Rhumbumbumba Rob Fowler line dance demo tutorial
rhumbumbumba,rhumbumbumba,Rhumbumbumba,Rhumbumbumba,,Rob Fowler,5,qEETpfycn5Q,Rhumbumbumba Line Dance (Dance &amp; Teach / Démo &amp; Explications / French &amp; English),Stéphane Beauchamp,https://i.ytimg.com/vi/qEETpfycn5Q/hqdefault.jpg,https://www.youtube.com/watch?v=qEETpfycn5Q,Rhumbumbumba Rhumbumbumba Rob Fowler line dance demo tutorial
choosin-texas,choosin-texas,Choosin' Texas,Choosin' Texas,,Nidhi Risi,1,dZ9ytAcP8bY,Choosin&#39; Texas - Line Dance (Dance &amp; Teach in English &amp; 中文),LineDanceDallas5,https://i.ytimg.com/vi/dZ9ytAcP8bY/hqdefault.jpg,https://www.youtube.com/watch?v=dZ9ytAcP8bY,Choosin' Texas Choosin' Texas Nidhi Risi line dance demo tutorial
choosin-texas,choosin-texas,Choosin' Texas,Choosin' Texas,,Nidhi Risi,2,ocWKwFr-lBI,"[DEMO] CHOOSIN&#39; TEXAS de Nidhi RISI, enseignée par Lilly WEST",Lilly WEST (Country Dance Tour),https://i.ytimg.com/vi/ocWKwFr-lBI/hqdefault.jpg,https://www.youtube.com/watch?v=ocWKwFr-lBI,Choosin' Texas Choosin' Texas Nidhi Risi line dance demo tutorial
choosin-texas,choosin-texas,Choosin' Texas,Choosin' Texas,,Nidhi Risi,3,pvYL-tucfW4,Choosin&#39; Texas - Line Dance DEMO (BEGINNER),Moonshine Line Dancing,https://i.ytimg.com/vi/pvYL-tucfW4/hqdefault.jpg,https://www.youtube.com/watch?v=pvYL-tucfW4,Choosin' Texas Choosin' Texas Nidhi Risi line dance demo tutorial
choosin-texas,choosin-texas,Choosin' Texas,Choosin' Texas,,Nidhi Risi,4,BJr9ErJY7bk,Choosin’ Texas - Line Dance TUTORIAL (BEGINNER),Moonshine Line Dancing,https://i.ytimg.com/vi/BJr9ErJY7bk/hqdefault.jpg,https://www.youtube.com/watch?v=BJr9ErJY7bk,Choosin' Texas Choosin' Texas Nidhi Risi line dance demo tutorial
choosin-texas,choosin-texas,Choosin' Texas,Choosin' Texas,,Nidhi Risi,5,851epk3lotY,Choosin&#39; Texas line dance tutorial,Dancezing,https://i.ytimg.com/vi/851epk3lotY/hqdefault.jpg,https://www.youtube.com/watch?v=851epk3lotY,Choosin' Texas Choosin' Texas Nidhi Risi line dance demo tutorial
sweet-portland-dreams,sweet-portland-dreams,Sweet Portland Dreams,Sweet Dreams (Are Made of This),,Amy Glass,1,lN3wC16KVeA,Sweet Portland Dreams - Line Dance (Dance &amp; Teach in English &amp; 中文),LineDanceDallas3,https://i.ytimg.com/vi/lN3wC16KVeA/hqdefault.jpg,https://www.youtube.com/watch?v=lN3wC16KVeA,Sweet Portland Dreams Sweet Dreams (Are Made of This) Amy Glass line dance demo tutorial
sweet-portland-dreams,sweet-portland-dreams,Sweet Portland Dreams,Sweet Dreams (Are Made of This),,Amy Glass,2,K2iS374a6G0,Sweet Portland Dreams line dance demo,Dancezing,https://i.ytimg.com/vi/K2iS374a6G0/hqdefault.jpg,https://www.youtube.com/watch?v=K2iS374a6G0,Sweet Portland Dreams Sweet Dreams (Are Made of This) Amy Glass line dance demo tutorial
sweet-portland-dreams,sweet-portland-dreams,Sweet Portland Dreams,Sweet Dreams (Are Made of This),,Amy Glass,3,f8lYcUY5VBQ,Sweet Portland Dreams line dance tutorial,Dancezing,https://i.ytimg.com/vi/f8lYcUY5VBQ/hqdefault.jpg,https://www.youtube.com/watch?v=f8lYcUY5VBQ,Sweet Portland Dreams Sweet Dreams (Are Made of This) Amy Glass line dance demo tutorial
sweet-portland-dreams,sweet-portland-dreams,Sweet Portland Dreams,Sweet Dreams (Are Made of This),,Amy Glass,4,xeCkiGrH9Sw,Sweet Portland Dreams - Line Dance (Dance &amp; Teach),Vivian Tu Line Dance 1,https://i.ytimg.com/vi/xeCkiGrH9Sw/hqdefault.jpg,https://www.youtube.com/watch?v=xeCkiGrH9Sw,Sweet Portland Dreams Sweet Dreams (Are Made of This) Amy Glass line dance demo tutorial
sweet-portland-dreams,sweet-portland-dreams,Sweet Portland Dreams,Sweet Dreams (Are Made of This),,Amy Glass,5,mt1PDpkiBPM,Sweet Portland Dreams - Line Dance | Demo | High Intermediate Cha Cha | Amy Glass...,[Line Bank] Hyunjung Kang LineDance,https://i.ytimg.com/vi/mt1PDpkiBPM/hqdefault.jpg,https://www.youtube.com/watch?v=mt1PDpkiBPM,Sweet Portland Dreams Sweet Dreams (Are Made of This) Amy Glass line dance demo tutorial
wild-west-wicked,wild-west-wicked,Wild West & Wicked,Wild West & Wicked (Remix),,Rob Fowler,1,BV-C0Vnnpjg,Wild West &amp; Wicked - Line Dance (Demo) | Improver | Rob Fowler ,[Line Bank] Hyunjung Kang LineDance,https://i.ytimg.com/vi/BV-C0Vnnpjg/hqdefault.jpg,https://www.youtube.com/watch?v=BV-C0Vnnpjg,Wild West & Wicked Wild West & Wicked (Remix) Rob Fowler line dance demo tutorial
wild-west-wicked,wild-west-wicked,Wild West & Wicked,Wild West & Wicked (Remix),,Rob Fowler,2,Qr3PNaNauLM,Wild West &amp; Wicked - Line Dance (Dance &amp; Teach in English &amp; 中文),LineDanceDallas5,https://i.ytimg.com/vi/Qr3PNaNauLM/hqdefault.jpg,https://www.youtube.com/watch?v=Qr3PNaNauLM,Wild West & Wicked Wild West & Wicked (Remix) Rob Fowler line dance demo tutorial
wild-west-wicked,wild-west-wicked,Wild West & Wicked,Wild West & Wicked (Remix),,Rob Fowler,3,LOeya6_aPd8,Wild West &amp; Wicked Line Dance l 와일디 웨스트 앤 위키드 라인댄스 l Improver l Linedancequeen l Junghye Yoon ,Linedancequeen,https://i.ytimg.com/vi/LOeya6_aPd8/hqdefault.jpg,https://www.youtube.com/watch?v=LOeya6_aPd8,Wild West & Wicked Wild West & Wicked (Remix) Rob Fowler line dance demo tutorial
wild-west-wicked,wild-west-wicked,Wild West & Wicked,Wild West & Wicked (Remix),,Rob Fowler,4,jXeccBmY_is,Wild West &amp; Wicked Line Dance | Improver| Rob Fowler |주말반 Demo,"B.S Linedance, SorySung",https://i.ytimg.com/vi/jXeccBmY_is/hqdefault.jpg,https://www.youtube.com/watch?v=jXeccBmY_is,Wild West & Wicked Wild West & Wicked (Remix) Rob Fowler line dance demo tutorial
wild-west-wicked,wild-west-wicked,Wild West & Wicked,Wild West & Wicked (Remix),,Rob Fowler,5,D9G9kP_DUXU,Wild West &amp; Wicked,Rob Fowler Dances,https://i.ytimg.com/vi/D9G9kP_DUXU/hqdefault.jpg,https://www.youtube.com/watch?v=D9G9kP_DUXU,Wild West & Wicked Wild West & Wicked (Remix) Rob Fowler line dance demo tutorial
jive-all-night,jive-all-night,Jive All Night,Because We Jive All Night Long,,Mark Furnell,1,gYb5PX1rZn0,Jive All Night - Line Dance (Dance &amp; Teach in English &amp; 中文),LineDanceDallas5,https://i.ytimg.com/vi/gYb5PX1rZn0/hqdefault.jpg,https://www.youtube.com/watch?v=gYb5PX1rZn0,Jive All Night Because We Jive All Night Long Mark Furnell line dance demo tutorial
jive-all-night,jive-all-night,Jive All Night,Because We Jive All Night Long,,Mark Furnell,2,SzT24NJ6PfQ,Jive all night - linedance - Mark Furnell and Chris Godden ,C & M Linedance,https://i.ytimg.com/vi/SzT24NJ6PfQ/hqdefault.jpg,https://www.youtube.com/watch?v=SzT24NJ6PfQ,Jive All Night Because We Jive All Night Long Mark Furnell line dance demo tutorial
jive-all-night,jive-all-night,Jive All Night,Because We Jive All Night Long,,Mark Furnell,3,-N1VjJHxN5I,JIVE ALL NIGHT - tutorial - with Mark Furnell,C & M Linedance,https://i.ytimg.com/vi/-N1VjJHxN5I/hqdefault.jpg,https://www.youtube.com/watch?v=-N1VjJHxN5I,Jive All Night Because We Jive All Night Long Mark Furnell line dance demo tutorial
jive-all-night,jive-all-night,Jive All Night,Because We Jive All Night Long,,Mark Furnell,4,CHpuzlgVCvE,Jive All Night Line Dance (Beginner : Mark Furnell &amp; Chris Godden) - Demo,May Cho Linedance,https://i.ytimg.com/vi/CHpuzlgVCvE/hqdefault.jpg,https://www.youtube.com/watch?v=CHpuzlgVCvE,Jive All Night Because We Jive All Night Long Mark Furnell line dance demo tutorial
jive-all-night,jive-all-night,Jive All Night,Because We Jive All Night Long,,Mark Furnell,5,Vu9oDh7XSD0,Jive All Night Line Dance (Beginner : Mark Furnell &amp; Chris Godden) - Tutorial,May Cho Linedance,https://i.ytimg.com/vi/Vu9oDh7XSD0/hqdefault.jpg,https://www.youtube.com/watch?v=Vu9oDh7XSD0,Jive All Night Because We Jive All Night Long Mark Furnell line dance demo tutorial
ziggy,ziggy,Ziggy,I wanna dance with somebody,,Gary Lafferty,1,EKJt1j3y3j0,Ziggy•Beginner Line Dance•Choreo:Gary Lafferty•I wanna dance with somebody,Yeeni,https://i.ytimg.com/vi/EKJt1j3y3j0/hqdefault.jpg,https://www.youtube.com/watch?v=EKJt1j3y3j0,Ziggy I wanna dance with somebody Gary Lafferty line dance demo tutorial
ziggy,ziggy,Ziggy,I wanna dance with somebody,,Gary Lafferty,2,OcNtDuwiS2c,Ziggy - Line Dance (Dance &amp; Teach in English &amp; 中文),LineDanceDallas5,https://i.ytimg.com/vi/OcNtDuwiS2c/hqdefault.jpg,https://www.youtube.com/watch?v=OcNtDuwiS2c,Ziggy I wanna dance with somebody Gary Lafferty line dance demo tutorial
ziggy,ziggy,Ziggy,I wanna dance with somebody,,Gary Lafferty,3,21KKF6sKHUE,Ziggy - Line Dance (Demo) | Absolute Beginner | Gary Lafferty ,[Line Bank] Hyunjung Kang LineDance,https://i.ytimg.com/vi/21KKF6sKHUE/hqdefault.jpg,https://www.youtube.com/watch?v=21KKF6sKHUE,Ziggy I wanna dance with somebody Gary Lafferty line dance demo tutorial
ziggy,ziggy,Ziggy,I wanna dance with somebody,,Gary Lafferty,4,wK4XBeUODM4,Ziggy 지기 | Demo | Absolute Beginner Line Dance | Gary Lafferty  🎵 I Wanna Dance With Somebody 🎵,라인댄스 손쌤~♡,https://i.ytimg.com/vi/wK4XBeUODM4/hqdefault.jpg,https://www.youtube.com/watch?v=wK4XBeUODM4,Ziggy I wanna dance with somebody Gary Lafferty line dance demo tutorial
ziggy,ziggy,Ziggy,I wanna dance with somebody,,Gary Lafferty,5,mlhgPv8numI,ZIGGY - Line Dance || Gary Lafferty (UK) || Absolute Beginner || Demo : Queen LD,Nuri Rindjani,https://i.ytimg.com/vi/mlhgPv8numI/hqdefault.jpg,https://www.youtube.com/watch?v=mlhgPv8numI,Ziggy I wanna dance with somebody Gary Lafferty line dance demo tutorial
more-than-a-memory,more-than-a-memory,More Than a Memory,Nothing More Than a Memory,,José Miguel Belloque Vane,1,QOLTGTZUeas,[Tutorial] More Than a Memory Line Dance Tutorial l 모어 댄 어 메모리 라인댄스 설명영상 l Beginner l Linedancequeen,Linedancequeen,https://i.ytimg.com/vi/QOLTGTZUeas/hqdefault.jpg,https://www.youtube.com/watch?v=QOLTGTZUeas,More Than a Memory Nothing More Than a Memory José Miguel Belloque Vane line dance demo tutorial
more-than-a-memory,more-than-a-memory,More Than a Memory,Nothing More Than a Memory,,José Miguel Belloque Vane,2,U_orHUaYtrA,#More Than a Memory #Linedance #Tutorial #설명영상 #초급라인댄스 #모어 댄 어 메모리 라인댄스 ,정은주 라인댄스 Eunju Jung Linedance,https://i.ytimg.com/vi/U_orHUaYtrA/hqdefault.jpg,https://www.youtube.com/watch?v=U_orHUaYtrA,More Than a Memory Nothing More Than a Memory José Miguel Belloque Vane line dance demo tutorial
more-than-a-memory,more-than-a-memory,More Than a Memory,Nothing More Than a Memory,,José Miguel Belloque Vane,3,RKdGE9Ck7Tw,More Than A Memory Teach/Tutorial Beginner Line Dance,Dancing With Chiloni,https://i.ytimg.com/vi/RKdGE9Ck7Tw/hqdefault.jpg,https://www.youtube.com/watch?v=RKdGE9Ck7Tw,More Than a Memory Nothing More Than a Memory José Miguel Belloque Vane line dance demo tutorial
more-than-a-memory,more-than-a-memory,More Than a Memory,Nothing More Than a Memory,,José Miguel Belloque Vane,4,RuIu7eO38zA,More Than A Memory Demo Beginner Line Dance ,Dancing With Chiloni,https://i.ytimg.com/vi/RuIu7eO38zA/hqdefault.jpg,https://www.youtube.com/watch?v=RuIu7eO38zA,More Than a Memory Nothing More Than a Memory José Miguel Belloque Vane line dance demo tutorial
more-than-a-memory,more-than-a-memory,More Than a Memory,Nothing More Than a Memory,,José Miguel Belloque Vane,5,J0PJ4q1OEkE,More Than a Memory (모어 댄 어 메모리) | DEMO| Beginner 통통라인댄스 통통쌤 |안산ㆍ시흥ㆍ배곧라인댄스 ,통통쌤 Hye Lan Choi LineDance,https://i.ytimg.com/vi/J0PJ4q1OEkE/hqdefault.jpg,https://www.youtube.com/watch?v=J0PJ4q1OEkE,More Than a Memory Nothing More Than a Memory José Miguel Belloque Vane line dance demo tutorial
teddy-s-gone,teddy-s-gone,Teddy's Gone,Gone Gone Gone,,Colin Ghys,1,YxNGfDj0ZjM,Teddy&#39;s Gone line dance tutorial,Dancezing,https://i.ytimg.com/vi/YxNGfDj0ZjM/hqdefault.jpg,https://www.youtube.com/watch?v=YxNGfDj0ZjM,Teddy's Gone Gone Gone Gone Colin Ghys line dance demo tutorial
teddy-s-gone,teddy-s-gone,Teddy's Gone,Gone Gone Gone,,Colin Ghys,2,yELd8VHDpHQ,Teddy&#39;s Gone line dance demo,Dancezing,https://i.ytimg.com/vi/yELd8VHDpHQ/hqdefault.jpg,https://www.youtube.com/watch?v=yELd8VHDpHQ,Teddy's Gone Gone Gone Gone Colin Ghys line dance demo tutorial
teddy-s-gone,teddy-s-gone,Teddy's Gone,Gone Gone Gone,,Colin Ghys,3,czNgP-DEnBE,Teddy&#39;s Gone - Line Dance (Dance &amp; Teach in English &amp; 中文),LineDanceDallas5,https://i.ytimg.com/vi/czNgP-DEnBE/hqdefault.jpg,https://www.youtube.com/watch?v=czNgP-DEnBE,Teddy's Gone Gone Gone Gone Colin Ghys line dance demo tutorial
teddy-s-gone,teddy-s-gone,Teddy's Gone,Gone Gone Gone,,Colin Ghys,4,3sdBgGIRbfE,Teddy&#39;s Gone Line Dance (Improver) - Tutorial,May Cho Linedance,https://i.ytimg.com/vi/3sdBgGIRbfE/hqdefault.jpg,https://www.youtube.com/watch?v=3sdBgGIRbfE,Teddy's Gone Gone Gone Gone Colin Ghys line dance demo tutorial
teddy-s-gone,teddy-s-gone,Teddy's Gone,Gone Gone Gone,,Colin Ghys,5,0FxHafQFh_k,Teddy&#39;s Gone Line Dance (Improver) - Demo,May Cho Linedance,https://i.ytimg.com/vi/0FxHafQFh_k/hqdefault.jpg,https://www.youtube.com/watch?v=0FxHafQFh_k,Teddy's Gone Gone Gone Gone Colin Ghys line dance demo tutorial
fierce,fierce,Fierce,Fierce the Sundance Kid,,Rob Fowler,1,bl5zo82ww88,Fierce Line Dance (Easy Intermediate: Rob Fowler) - Demo,May Cho Linedance,https://i.ytimg.com/vi/bl5zo82ww88/hqdefault.jpg,https://www.youtube.com/watch?v=bl5zo82ww88,Fierce Fierce the Sundance Kid Rob Fowler line dance demo tutorial
fierce,fierce,Fierce,Fierce the Sundance Kid,,Rob Fowler,2,99kySdPJZAQ,Fierce Line Dance (Easy Intermediate: Rob Fowler) - Tutorial,May Cho Linedance,https://i.ytimg.com/vi/99kySdPJZAQ/hqdefault.jpg,https://www.youtube.com/watch?v=99kySdPJZAQ,Fierce Fierce the Sundance Kid Rob Fowler line dance demo tutorial
fierce,fierce,Fierce,Fierce the Sundance Kid,,Rob Fowler,3,JyGha4mO-6w,FIERCE 🦁 LINE DANCE | Choreographed by Rob Fowler | Demo by Colin Ghys &amp; Students ,Colin Ghys,https://i.ytimg.com/vi/JyGha4mO-6w/hqdefault.jpg,https://www.youtube.com/watch?v=JyGha4mO-6w,Fierce Fierce the Sundance Kid Rob Fowler line dance demo tutorial
fierce,fierce,Fierce,Fierce the Sundance Kid,,Rob Fowler,4,y0zW8Tc11nI,Fierce Line Dance (Easy Intermediate: Rob Fowler) - Demo,Queens friends(line dance),https://i.ytimg.com/vi/y0zW8Tc11nI/hqdefault.jpg,https://www.youtube.com/watch?v=y0zW8Tc11nI,Fierce Fierce the Sundance Kid Rob Fowler line dance demo tutorial
fierce,fierce,Fierce,Fierce the Sundance Kid,,Rob Fowler,5,bPPFTiy3sPk,Fierce Line Dance (Easy Intermediate: Rob Fowler) - Demo,May Cho Linedance,https://i.ytimg.com/vi/bPPFTiy3sPk/hqdefault.jpg,https://www.youtube.com/watch?v=bPPFTiy3sPk,Fierce Fierce the Sundance Kid Rob Fowler line dance demo tutorial
role-model,role-model,Role Model,Be Her,,Maddison Glover,1,RJ512qcCGAo,Role model line dance tutorial High Improver choreography by Maddison Glover,Michelle Wright Line dance,https://i.ytimg.com/vi/RJ512qcCGAo/hqdefault.jpg,https://www.youtube.com/watch?v=RJ512qcCGAo,Role Model Be Her Maddison Glover line dance demo tutorial
role-model,role-model,Role Model,Be Her,,Maddison Glover,2,NU9ZbH89XRM,Role Model - Line Dance (Dance &amp; Teach in English &amp; 中文),LineDanceDallas5,https://i.ytimg.com/vi/NU9ZbH89XRM/hqdefault.jpg,https://www.youtube.com/watch?v=NU9ZbH89XRM,Role Model Be Her Maddison Glover line dance demo tutorial
role-model,role-model,Role Model,Be Her,,Maddison Glover,3,SpXtqDm9Ndg,Role Model Official Teach-  Line Dance ,Maddison Glover,https://i.ytimg.com/vi/SpXtqDm9Ndg/hqdefault.jpg,https://www.youtube.com/watch?v=SpXtqDm9Ndg,Role Model Be Her Maddison Glover line dance demo tutorial
role-model,role-model,Role Model,Be Her,,Maddison Glover,4,5RGjKBPQ1Ys,Role Model Line Dance Demo &amp; Tutorial,Lovin’ the Line-Line Dance,https://i.ytimg.com/vi/5RGjKBPQ1Ys/hqdefault.jpg,https://www.youtube.com/watch?v=5RGjKBPQ1Ys,Role Model Be Her Maddison Glover line dance demo tutorial
role-model,role-model,Role Model,Be Her,,Maddison Glover,5,y46MQFQYaO8,ROLE MODEL Line Dance (WALK-THROUGH) | High Improver | Maddison Glover,Kelly G Line Dance,https://i.ytimg.com/vi/y46MQFQYaO8/hqdefault.jpg,https://www.youtube.com/watch?v=y46MQFQYaO8,Role Model Be Her Maddison Glover line dance demo tutorial
fever-dream,fever-dream,Fever Dream,FEVER DREAM,,Karl-Harry Winson,1,Jc5G1LUPa4o,Fever Dream - Line Dance (Dance &amp; Teach in English &amp; 中文),LineDanceDallas3,https://i.ytimg.com/vi/Jc5G1LUPa4o/hqdefault.jpg,https://www.youtube.com/watch?v=Jc5G1LUPa4o,Fever Dream FEVER DREAM Karl-Harry Winson line dance demo tutorial
fever-dream,fever-dream,Fever Dream,FEVER DREAM,,Karl-Harry Winson,2,LRwcNM7ONZY,Fever Dream line dance tutorial,Dancezing,https://i.ytimg.com/vi/LRwcNM7ONZY/hqdefault.jpg,https://www.youtube.com/watch?v=LRwcNM7ONZY,Fever Dream FEVER DREAM Karl-Harry Winson line dance demo tutorial
fever-dream,fever-dream,Fever Dream,FEVER DREAM,,Karl-Harry Winson,3,sjVDH1vZqAE,Fever Dream - Line dance by Karl Harry Winson (UK),Karl Harry Winson,https://i.ytimg.com/vi/sjVDH1vZqAE/hqdefault.jpg,https://www.youtube.com/watch?v=sjVDH1vZqAE,Fever Dream FEVER DREAM Karl-Harry Winson line dance demo tutorial
fever-dream,fever-dream,Fever Dream,FEVER DREAM,,Karl-Harry Winson,4,8LzMWNW_KgQ,Fever Dream line dance demo,Dancezing,https://i.ytimg.com/vi/8LzMWNW_KgQ/hqdefault.jpg,https://www.youtube.com/watch?v=8LzMWNW_KgQ,Fever Dream FEVER DREAM Karl-Harry Winson line dance demo tutorial
fever-dream,fever-dream,Fever Dream,FEVER DREAM,,Karl-Harry Winson,5,dMb357FNF38,Fever Dream - Line Dance (Dance &amp; Teach),Vivian Tu Line Dance 1,https://i.ytimg.com/vi/dMb357FNF38/hqdefault.jpg,https://www.youtube.com/watch?v=dMb357FNF38,Fever Dream FEVER DREAM Karl-Harry Winson line dance demo tutorial
bloody-mary,bloody-mary,Bloody Mary,Vodka And Bloody Mary Mix,,Gary Lafferty,1,W_tzqwtTApg,Bloody Mary line dance tutorial,Dancezing,https://i.ytimg.com/vi/W_tzqwtTApg/hqdefault.jpg,https://www.youtube.com/watch?v=W_tzqwtTApg,Bloody Mary Vodka And Bloody Mary Mix Gary Lafferty line dance demo tutorial
bloody-mary,bloody-mary,Bloody Mary,Vodka And Bloody Mary Mix,,Gary Lafferty,2,KvBgjyeqItQ,Bloody Mary line dance demo,Dancezing,https://i.ytimg.com/vi/KvBgjyeqItQ/hqdefault.jpg,https://www.youtube.com/watch?v=KvBgjyeqItQ,Bloody Mary Vodka And Bloody Mary Mix Gary Lafferty line dance demo tutorial
bloody-mary,bloody-mary,Bloody Mary,Vodka And Bloody Mary Mix,,Gary Lafferty,3,G6ZAny2f05k,Bloody Mary Line Dance (Dance &amp; Teach / Démo &amp; Explications / French &amp; English),Stéphane Beauchamp,https://i.ytimg.com/vi/G6ZAny2f05k/hqdefault.jpg,https://www.youtube.com/watch?v=G6ZAny2f05k,Bloody Mary Vodka And Bloody Mary Mix Gary Lafferty line dance demo tutorial
bloody-mary,bloody-mary,Bloody Mary,Vodka And Bloody Mary Mix,,Gary Lafferty,4,UgixJe71T6I,Bloody Mary Line Dance (Demo / Démo),Stéphane Beauchamp,https://i.ytimg.com/vi/UgixJe71T6I/hqdefault.jpg,https://www.youtube.com/watch?v=UgixJe71T6I,Bloody Mary Vodka And Bloody Mary Mix Gary Lafferty line dance demo tutorial
bloody-mary,bloody-mary,Bloody Mary,Vodka And Bloody Mary Mix,,Gary Lafferty,5,hjaXVaCDqOE,Bloody Mary Linedance (Absolute Beginner: Gary Lafferty) - Tutorial,May Cho Linedance,https://i.ytimg.com/vi/hjaXVaCDqOE/hqdefault.jpg,https://www.youtube.com/watch?v=hjaXVaCDqOE,Bloody Mary Vodka And Bloody Mary Mix Gary Lafferty line dance demo tutorial
shimmer,shimmer,Shimmer,Shimmer,,Michelle Wright,1,aKz8I_reYDo,Shimmer - Line Dance (Dance &amp; Teach in English &amp; 中文),LineDanceDallas5,https://i.ytimg.com/vi/aKz8I_reYDo/hqdefault.jpg,https://www.youtube.com/watch?v=aKz8I_reYDo,Shimmer Shimmer Michelle Wright line dance demo tutorial
shimmer,shimmer,Shimmer,Shimmer,,Michelle Wright,2,83OFIIX3Tqg,Shimmer line dance demo Absolute beginner choreography by Michelle Wright,Michelle Wright Line dance,https://i.ytimg.com/vi/83OFIIX3Tqg/hqdefault.jpg,https://www.youtube.com/watch?v=83OFIIX3Tqg,Shimmer Shimmer Michelle Wright line dance demo tutorial
shimmer,shimmer,Shimmer,Shimmer,,Michelle Wright,3,qLPc5hWPuKQ,Shimmer line dance tutorial Absolute beginner choreography by Michelle Wright,Michelle Wright Line dance,https://i.ytimg.com/vi/qLPc5hWPuKQ/hqdefault.jpg,https://www.youtube.com/watch?v=qLPc5hWPuKQ,Shimmer Shimmer Michelle Wright line dance demo tutorial
shimmer,shimmer,Shimmer,Shimmer,,Michelle Wright,4,HMlYHrk0Lfw,Shimmer Linedance (Absolute Beginner: Michelle Wright) - Demo,May Cho Linedance,https://i.ytimg.com/vi/HMlYHrk0Lfw/hqdefault.jpg,https://www.youtube.com/watch?v=HMlYHrk0Lfw,Shimmer Shimmer Michelle Wright line dance demo tutorial
shimmer,shimmer,Shimmer,Shimmer,,Michelle Wright,5,nB48YfZQxyU,Shimmer rear facing demo Absolute beginner choreography by Michelle Wright,Michelle Wright Line dance,https://i.ytimg.com/vi/nB48YfZQxyU/hqdefault.jpg,https://www.youtube.com/watch?v=nB48YfZQxyU,Shimmer Shimmer Michelle Wright line dance demo tutorial
love-potion-666,love-potion-666,Love Potion 666,Love Potion 666,,Rob Fowler,1,EcOZXjUxsik,Love Potion 666 - Line Dance (Dance &amp; Teach in English &amp; 中文),LineDanceDallas5,https://i.ytimg.com/vi/EcOZXjUxsik/hqdefault.jpg,https://www.youtube.com/watch?v=EcOZXjUxsik,Love Potion 666 Love Potion 666 Rob Fowler line dance demo tutorial
love-potion-666,love-potion-666,Love Potion 666,Love Potion 666,,Rob Fowler,2,_jn-VcRj8aE,Love Potion 666 line dance tutorial,Dancezing,https://i.ytimg.com/vi/_jn-VcRj8aE/hqdefault.jpg,https://www.youtube.com/watch?v=_jn-VcRj8aE,Love Potion 666 Love Potion 666 Rob Fowler line dance demo tutorial
love-potion-666,love-potion-666,Love Potion 666,Love Potion 666,,Rob Fowler,3,-v5SqJY6sQI,BEGINNER LINE DANCE LESSON 194 - Love Potion 666 - Part 2 - Music with verbal instruction,Learn to line dance with Richard,https://i.ytimg.com/vi/-v5SqJY6sQI/hqdefault.jpg,https://www.youtube.com/watch?v=-v5SqJY6sQI,Love Potion 666 Love Potion 666 Rob Fowler line dance demo tutorial
love-potion-666,love-potion-666,Love Potion 666,Love Potion 666,,Rob Fowler,4,Oeguv5Z_xMo,Love Potion 666 Line Dance - (Beginner : Rob Fowler) - Demo,May Cho Linedance,https://i.ytimg.com/vi/Oeguv5Z_xMo/hqdefault.jpg,https://www.youtube.com/watch?v=Oeguv5Z_xMo,Love Potion 666 Love Potion 666 Rob Fowler line dance demo tutorial
love-potion-666,love-potion-666,Love Potion 666,Love Potion 666,,Rob Fowler,5,_BoAC-VS0cU,Love Potion 666 - Line Dance - Tutorial &amp; Demo,Michelle Hatton,https://i.ytimg.com/vi/_BoAC-VS0cU/hqdefault.jpg,https://www.youtube.com/watch?v=_BoAC-VS0cU,Love Potion 666 Love Potion 666 Rob Fowler line dance demo tutorial
loca-loca,loca-loca,Loca Loca,Loca Loca,,Raymond Sarlemijn,1,J91k8_Tv92g,"Loca Loca, line dance, Raymond Sarlemijn &amp; Roy Verdonk.",Raymond Sarlemijn,https://i.ytimg.com/vi/J91k8_Tv92g/hqdefault.jpg,https://www.youtube.com/watch?v=J91k8_Tv92g,Loca Loca Loca Loca Raymond Sarlemijn line dance demo tutorial
loca-loca,loca-loca,Loca Loca,Loca Loca,,Raymond Sarlemijn,2,h0C8rj6lIXs,Loca Loca  - Line Dance | Demo | Improver | Raymond...,[Line Bank] Hyunjung Kang LineDance,https://i.ytimg.com/vi/h0C8rj6lIXs/hqdefault.jpg,https://www.youtube.com/watch?v=h0C8rj6lIXs,Loca Loca Loca Loca Raymond Sarlemijn line dance demo tutorial
loca-loca,loca-loca,Loca Loca,Loca Loca,,Raymond Sarlemijn,3,IWaUskcHTSU,Loca Loca - Line Dance (Dance &amp; Teach in English &amp; 中文),LineDanceDallas5,https://i.ytimg.com/vi/IWaUskcHTSU/hqdefault.jpg,https://www.youtube.com/watch?v=IWaUskcHTSU,Loca Loca Loca Loca Raymond Sarlemijn line dance demo tutorial
loca-loca,loca-loca,Loca Loca,Loca Loca,,Raymond Sarlemijn,4,J6zGokGiZoY,Loca Loca Line Dance (Improver) - Tutorial,May Cho Linedance,https://i.ytimg.com/vi/J6zGokGiZoY/hqdefault.jpg,https://www.youtube.com/watch?v=J6zGokGiZoY,Loca Loca Loca Loca Raymond Sarlemijn line dance demo tutorial
loca-loca,loca-loca,Loca Loca,Loca Loca,,Raymond Sarlemijn,5,TSW-UbAXSjk,Loca Loca - Line Dance (Dance &amp; Teach),Vivian Tu Line Dance 1,https://i.ytimg.com/vi/TSW-UbAXSjk/hqdefault.jpg,https://www.youtube.com/watch?v=TSW-UbAXSjk,Loca Loca Loca Loca Raymond Sarlemijn line dance demo tutorial
movimiento,movimiento,Movimiento,Movimiento,,Karl-Harry Winson,1,8_LcWuHECuo,Movimiento Line Dance by Karl-Harry Winson &amp; Chrystelle Cau 2026,Misuk La,https://i.ytimg.com/vi/8_LcWuHECuo/hqdefault.jpg,https://www.youtube.com/watch?v=8_LcWuHECuo,Movimiento Movimiento Karl-Harry Winson line dance demo tutorial
movimiento,movimiento,Movimiento,Movimiento,,Karl-Harry Winson,2,4a9CPJAOL_Q,"Movimiento - Line Dance, Demo by MORNING TEA Line Dance",Sri Mei Lestari,https://i.ytimg.com/vi/4a9CPJAOL_Q/hqdefault.jpg,https://www.youtube.com/watch?v=4a9CPJAOL_Q,Movimiento Movimiento Karl-Harry Winson line dance demo tutorial
movimiento,movimiento,Movimiento,Movimiento,,Karl-Harry Winson,3,eK6QhvEDth8,The King And I ( Dance ).,MIGUEL ANGEL SASTRE,https://i.ytimg.com/vi/eK6QhvEDth8/hqdefault.jpg,https://www.youtube.com/watch?v=eK6QhvEDth8,Movimiento Movimiento Karl-Harry Winson line dance demo tutorial
movimiento,movimiento,Movimiento,Movimiento,,Karl-Harry Winson,4,hKGxYB_GNW4,When I Get It ( Dance ),MIGUEL ANGEL SASTRE,https://i.ytimg.com/vi/hKGxYB_GNW4/hqdefault.jpg,https://www.youtube.com/watch?v=hKGxYB_GNW4,Movimiento Movimiento Karl-Harry Winson line dance demo tutorial
movimiento,movimiento,Movimiento,Movimiento,,Karl-Harry Winson,5,b2Zac0xS6Ic,Tears I Cried ( Dance ).,MIGUEL ANGEL SASTRE,https://i.ytimg.com/vi/b2Zac0xS6Ic/hqdefault.jpg,https://www.youtube.com/watch?v=b2Zac0xS6Ic,Movimiento Movimiento Karl-Harry Winson line dance demo tutorial
wild-little-cowgirl,wild-little-cowgirl,Wild Little Cowgirl,Cowgirl,,Ben Murphy,1,eJ9ivyZDZ0k,Cowgirls On | Line Dance Walkthrough,Dance Rangers,https://i.ytimg.com/vi/eJ9ivyZDZ0k/hqdefault.jpg,https://www.youtube.com/watch?v=eJ9ivyZDZ0k,Wild Little Cowgirl Cowgirl Ben Murphy line dance demo tutorial
wild-little-cowgirl,wild-little-cowgirl,Wild Little Cowgirl,Cowgirl,,Ben Murphy,2,QLBRhsYTmag,Cowgirls On - Tutorial,Granite State Stomp,https://i.ytimg.com/vi/QLBRhsYTmag/hqdefault.jpg,https://www.youtube.com/watch?v=QLBRhsYTmag,Wild Little Cowgirl Cowgirl Ben Murphy line dance demo tutorial
wild-little-cowgirl,wild-little-cowgirl,Wild Little Cowgirl,Cowgirl,,Ben Murphy,3,Ne5zv5cyhiY,Cowgirls - Candy Sherwin,Candy Sherwin,https://i.ytimg.com/vi/Ne5zv5cyhiY/hqdefault.jpg,https://www.youtube.com/watch?v=Ne5zv5cyhiY,Wild Little Cowgirl Cowgirl Ben Murphy line dance demo tutorial
wild-little-cowgirl,wild-little-cowgirl,Wild Little Cowgirl,Cowgirl,,Ben Murphy,4,aBkAvpjUYts,Country Girl (TrailRide) Line Dance Instructional,Line Dancing With Terressa,https://i.ytimg.com/vi/aBkAvpjUYts/hqdefault.jpg,https://www.youtube.com/watch?v=aBkAvpjUYts,Wild Little Cowgirl Cowgirl Ben Murphy line dance demo tutorial
wild-little-cowgirl,wild-little-cowgirl,Wild Little Cowgirl,Cowgirl,,Ben Murphy,5,4UnsofMLcRw,Cowgirls On | Line Dance Demo,Dance Rangers,https://i.ytimg.com/vi/4UnsofMLcRw/hqdefault.jpg,https://www.youtube.com/watch?v=4UnsofMLcRw,Wild Little Cowgirl Cowgirl Ben Murphy line dance demo tutorial
fire-in-the-feet-fuego-en-los-pies,fire-in-the-feet-fuego-en-los-pies,Fire in the Feet (Fuego en Los Pies),Fuego En Los Pies (Fire In The Feet) (feat. Eulalie),,Daniel Trepat,1,ndxFtOTVq9E,Fire in the Feet (Fuego en Los Pies)Line Dance/ DEMO /Easy Intermediate,지연라인댄스 Zyeon Linedance,https://i.ytimg.com/vi/ndxFtOTVq9E/hqdefault.jpg,https://www.youtube.com/watch?v=ndxFtOTVq9E,Fire in the Feet (Fuego en Los Pies) Fuego En Los Pies (Fire In The Feet) (feat. Eulalie) Daniel Trepat line dance demo tutorial
fire-in-the-feet-fuego-en-los-pies,fire-in-the-feet-fuego-en-los-pies,Fire in the Feet (Fuego en Los Pies),Fuego En Los Pies (Fire In The Feet) (feat. Eulalie),,Daniel Trepat,2,_zRlicTDDMY,FIRE IN THE FEET (Fuego en Los Pies) Line Dance | Intermediate | Daniel Trepat &amp; Gregory Danvoie,Kelly G Line Dance,https://i.ytimg.com/vi/_zRlicTDDMY/hqdefault.jpg,https://www.youtube.com/watch?v=_zRlicTDDMY,Fire in the Feet (Fuego en Los Pies) Fuego En Los Pies (Fire In The Feet) (feat. Eulalie) Daniel Trepat line dance demo tutorial
fire-in-the-feet-fuego-en-los-pies,fire-in-the-feet-fuego-en-los-pies,Fire in the Feet (Fuego en Los Pies),Fuego En Los Pies (Fire In The Feet) (feat. Eulalie),,Daniel Trepat,3,K7Zw4gOYjzo,Fire ln The Feet(Fuego en Los Pies)/Line Dance/Daniel Trepat &amp; Gregory Danvoie/Demo (이성민 라인댄스),Line on Cloud Nine (Sungmin Lee Line Dance),https://i.ytimg.com/vi/K7Zw4gOYjzo/hqdefault.jpg,https://www.youtube.com/watch?v=K7Zw4gOYjzo,Fire in the Feet (Fuego en Los Pies) Fuego En Los Pies (Fire In The Feet) (feat. Eulalie) Daniel Trepat line dance demo tutorial
fire-in-the-feet-fuego-en-los-pies,fire-in-the-feet-fuego-en-los-pies,Fire in the Feet (Fuego en Los Pies),Fuego En Los Pies (Fire In The Feet) (feat. Eulalie),,Daniel Trepat,4,BONE7GSiTAY,#Fire in the Feet (Fuego en Los Pies) #Linedance #Tutorial #설명영상 #중급라인댄스 #파이어 인 더 핏 라인댄스 ,정은주 라인댄스 Eunju Jung Linedance,https://i.ytimg.com/vi/BONE7GSiTAY/hqdefault.jpg,https://www.youtube.com/watch?v=BONE7GSiTAY,Fire in the Feet (Fuego en Los Pies) Fuego En Los Pies (Fire In The Feet) (feat. Eulalie) Daniel Trepat line dance demo tutorial
fire-in-the-feet-fuego-en-los-pies,fire-in-the-feet-fuego-en-los-pies,Fire in the Feet (Fuego en Los Pies),Fuego En Los Pies (Fire In The Feet) (feat. Eulalie),,Daniel Trepat,5,o5fq8TNkIzA,Fire In The Feet WALKTHROUGH - Linedance by Daniel Trepat &amp; Gregory Danvoie @Festiline2026,AmandaJW,https://i.ytimg.com/vi/o5fq8TNkIzA/hqdefault.jpg,https://www.youtube.com/watch?v=o5fq8TNkIzA,Fire in the Feet (Fuego en Los Pies) Fuego En Los Pies (Fire In The Feet) (feat. Eulalie) Daniel Trepat line dance demo tutorial
stomp-2-3-4,stomp-2-3-4,"Stomp 2,3,4","Stomp 2,3,4",,Rob Fowler,1,ilZylHFXiZw,"Stomp 2,3,4 - Line Dance (Dance &amp; Teach in English &amp; 中文)",LineDanceDallas5,https://i.ytimg.com/vi/ilZylHFXiZw/hqdefault.jpg,https://www.youtube.com/watch?v=ilZylHFXiZw,"Stomp 2,3,4 Stomp 2,3,4 Rob Fowler line dance demo tutorial"
stomp-2-3-4,stomp-2-3-4,"Stomp 2,3,4","Stomp 2,3,4",,Rob Fowler,2,lau6c9Muc4Y,"FREESTYLE / REAR FACING DEMO IMPROVER LINE DANCE - Stomp 2,3,4",Learn to line dance with Richard,https://i.ytimg.com/vi/lau6c9Muc4Y/hqdefault.jpg,https://www.youtube.com/watch?v=lau6c9Muc4Y,"Stomp 2,3,4 Stomp 2,3,4 Rob Fowler line dance demo tutorial"
stomp-2-3-4,stomp-2-3-4,"Stomp 2,3,4","Stomp 2,3,4",,Rob Fowler,3,UFr7cXat32I,"Stomp 2,3,4 - Line Dance (Demo) | Improver | Rob Fowler ",[Line Bank] Hyunjung Kang LineDance,https://i.ytimg.com/vi/UFr7cXat32I/hqdefault.jpg,https://www.youtube.com/watch?v=UFr7cXat32I,"Stomp 2,3,4 Stomp 2,3,4 Rob Fowler line dance demo tutorial"
stomp-2-3-4,stomp-2-3-4,"Stomp 2,3,4","Stomp 2,3,4",,Rob Fowler,4,SXVmiAZnzDU,"IMPROVER LINE DANCE LESSON 135 - Stomp 2,3,4 - Part 2 - Music with verbal instruction",Learn to line dance with Richard,https://i.ytimg.com/vi/SXVmiAZnzDU/hqdefault.jpg,https://www.youtube.com/watch?v=SXVmiAZnzDU,"Stomp 2,3,4 Stomp 2,3,4 Rob Fowler line dance demo tutorial"
stomp-2-3-4,stomp-2-3-4,"Stomp 2,3,4","Stomp 2,3,4",,Rob Fowler,5,HncQz26Z4dY,"[DEMO] STOMP 2, 3, 4 de Rob FOWLER, enseignée par Lilly WEST",Lilly WEST (Country Dance Tour),https://i.ytimg.com/vi/HncQz26Z4dY/hqdefault.jpg,https://www.youtube.com/watch?v=HncQz26Z4dY,"Stomp 2,3,4 Stomp 2,3,4 Rob Fowler line dance demo tutorial"
